grid_id,Acraea andromacha,Acraea terpsicore,n_species
505,1,0,1
533,2,0,1
567,1,0,1
634,5,0,1
695,17,0,1
768,1,0,1
837,3,0,1
838,5,0,1
908,2,0,1
910,1,0,1
980,2,0,1
981,2,0,1
983,11,0,1
1058,1,0,1
1060,1,0,1
1133,1,0,1
1134,7,0,1
1135,9,0,1
1136,1,0,1
1137,2,0,1
1138,1,0,1
1224,5,0,1
1228,1,0,1
1310,1,0,1
1313,1,0,1
1321,2,0,1
1405,1,0,1
1410,2,0,1
1416,1,0,1
1514,1,0,1
1518,1,0,1
1622,1,0,1
1711,1,0,1
1721,2,0,1
1725,1,0,1
1726,1,0,1
1728,14,0,1
1835,1,0,1
1943,3,0,1
1944,1,0,1
1948,2,0,1
1949,2,0,1
1950,1,0,1
1951,7,0,1
2065,1,0,1
2066,1,0,1
2067,9,0,1
2184,2,0,1
2186,2,0,1
2193,2,0,1
2316,1,0,1
2319,4,0,1
2320,1,0,1
2322,1,0,1
2324,4,0,1
2453,1,0,1
2461,1,0,1
2598,1,0,1
2599,1,0,1
2603,12,2,2
2747,1,0,1
2748,13,0,1
2749,4,0,1
2750,1,0,1
2751,5,0,1
2752,5,0,1
2754,29,6,2
2904,4,0,1
2905,1,0,1
3042,1,0,1
3043,2,0,1
3050,1,0,1
3053,1,0,1
3054,2,0,1
3055,0,1,1
3196,1,0,1
3198,1,0,1
3199,15,1,2
3205,1,1,2
3206,2,0,1
3350,2,0,1
3355,2,0,1
3356,1,0,1
3359,6,0,1
3360,2,0,1
3506,1,0,1
3507,1,0,1
3508,1,0,1
3663,4,0,1
3665,3,0,1
3669,4,0,1
3670,9,0,1
3818,1,1,2
3819,6,0,1
3820,1,0,1
3821,3,0,1
3823,1,0,1
3824,1,0,1
3825,3,0,1
3826,6,0,1
3976,4,0,1
3977,2,0,1
3978,2,0,1
3982,2,0,1
3983,3,4,2
4134,3,0,1
4135,4,0,1
4136,3,0,1
4137,1,0,1
4138,7,0,1
4139,4,1,2
4140,2,0,1
4141,27,1,2
4292,1,0,1
4293,4,0,1
4295,5,0,1
4296,3,2,2
4297,8,2,2
4298,21,1,2
4299,4,0,1
4447,1,0,1
4449,1,0,1
4450,3,0,1
4452,2,0,1
4453,16,0,1
4454,12,0,1
4455,25,0,1
4456,20,1,2
4457,3,3,2
4479,1,0,1
4607,1,0,1
4611,4,0,1
4612,5,0,1
4613,37,0,1
4614,107,2,2
4615,52,6,2
4616,7,0,1
4769,12,0,1
4770,2,0,1
4771,58,0,1
4772,11,0,1
4773,1,0,1
4774,50,3,2
4775,175,43,2
4776,219,9,2
4778,5,0,1
4928,1,0,1
4931,1,0,1
4933,13,0,1
4934,17,1,2
4935,12,1,2
4936,12,0,1
4937,51,2,2
4938,30,0,1
5094,2,0,1
5096,4,0,1
5097,1,0,1
5099,1,0,1
5100,10,4,2
5101,14,2,2
5251,1,0,1
5259,5,0,1
5260,1,0,1
5261,2,0,1
5262,2,0,1
5263,1,0,1
5264,9,0,1
5265,11,2,2
5266,1,0,1
5420,1,0,1
5422,1,0,1
5423,2,0,1
5424,1,0,1
5425,1,0,1
5426,1,0,1
5428,3,0,1
5429,6,14,2
5588,7,0,1
5590,2,0,1
5591,1,1,2
5592,2,0,1
5593,6,1,2
5594,23,0,1
5739,3,1,2
5744,1,0,1
5752,2,0,1
5754,3,0,1
5755,5,0,1
5756,1,0,1
5912,1,0,1
5918,7,2,2
5919,3,0,1
6080,12,3,2
6081,5,2,2
6237,1,0,1
6239,1,0,1
6241,1,1,2
6243,12,3,2
6244,2,3,2
6404,1,1,2
6406,1,0,1
6408,4,1,2
6410,5,0,1
6555,1,0,1
6556,3,1,2
6559,1,0,1
6567,1,0,1
6569,1,0,1
6570,2,1,2
6571,2,0,1
6720,1,0,1
6725,1,2,2
6731,1,0,1
6733,1,0,1
6734,1,0,1
6735,3,2,2
6736,27,1,2
6881,36,1,2
6883,1,0,1
6889,1,0,1
6893,1,0,1
6898,1,0,1
6899,2,0,1
6973,1,0,1
7041,1,0,1
7042,1,0,1
7045,1,0,1
7051,1,0,1
7054,6,1,2
7055,2,0,1
7056,1,0,1
7058,0,1,1
7188,1,0,1
7214,3,0,1
7217,0,1,1
7218,7,0,1
7363,0,1,1
7372,0,1,1
7375,1,0,1
7377,4,0,1
7521,1,0,1
7533,6,2,2
7534,7,0,1
7678,2,0,1
7679,1,1,2
7691,2,0,1
7692,2,0,1
7767,1,0,1
7768,11,0,1
7835,0,1,1
7836,0,1,1
7841,0,1,1
7845,4,0,1
7993,1,2,2
7994,2,0,1
7995,0,1,1
7997,1,0,1
8003,0,2,1
8004,1,0,1
8005,1,0,1
8120,0,1,1
8137,0,1,1
8141,0,1,1
8142,0,3,1
8158,0,1,1
8178,1,0,1
8240,1,0,1
8245,0,1,1
8288,0,1,1
8303,1,2,2
8309,0,1,1
8310,2,0,1
8313,1,0,1
8463,1,1,2
8481,1,0,1
8604,1,0,1
8754,0,1,1
8765,0,1,1
8766,0,1,1
8770,0,4,1
8792,1,0,1
8893,0,4,1
8899,0,1,1
8908,0,1,1
8950,1,0,1
9052,0,1,1
9060,0,2,1
9065,0,1,1
9082,1,0,1
9185,0,1,1
9192,0,2,1
9196,0,2,1
9197,0,3,1
9198,1,1,2
9208,0,1,1
9210,0,2,1
9226,1,0,1
9237,1,0,1
9289,1,0,1
9291,1,0,1
9345,0,1,1
9350,2,1,2
9351,0,1,1
9352,0,2,1
9355,0,1,1
9480,0,1,1
9488,2,3,2
9495,2,3,2
9498,1,10,2
9501,1,0,1
9595,1,0,1
9618,0,1,1
9631,0,1,1
9632,0,1,1
9633,4,4,2
9635,0,4,1
9636,4,2,2
9768,1,0,1
9769,0,1,1
9774,1,0,1
9881,1,2,2
9897,0,1,1
9899,0,2,1
9993,2,0,1
9994,1,0,1
9996,0,1,1
10022,0,1,1
10026,0,2,1
10028,0,1,1
10029,1,2,2
10100,0,1,1
10118,4,4,2
10119,4,6,2
10121,1,0,1
10122,0,2,1
10123,2,1,2
10139,1,0,1
10144,0,1,1
10156,0,2,1
10157,1,5,2
10243,1,0,1
10264,4,10,2
10272,0,5,1
10275,0,1,1
10279,0,1,1
10280,0,5,1
10281,1,13,2
10282,0,2,1
10395,0,1,1
10399,2,0,1
10400,0,1,1
10401,0,1,1
10431,1,0,1
10478,1,0,1
10509,2,0,1
10513,0,6,1
10515,1,1,2
10594,0,1,1
10614,1,0,1
10615,4,1,2
10626,0,9,1
10627,0,3,1
10703,0,1,1
10705,1,1,2
10711,0,1,1
10725,1,0,1
10728,0,1,1
10735,0,1,1
10737,0,4,1
10738,6,85,2
10739,8,45,2
10740,0,1,1
10741,1,0,1
10821,0,1,1
10833,1,1,2
10834,1,0,1
10845,2,2,2
10846,0,4,1
10848,0,1,1
10921,1,0,1
10922,0,1,1
10941,3,0,1
10944,0,1,1
10946,0,1,1
10948,0,1,1
10952,0,2,1
10953,0,1,1
10957,1,1,2
10958,1,2,2
10975,0,1,1
11030,0,1,1
11048,0,1,1
11052,0,1,1
11058,0,1,1
11059,0,1,1
11060,0,5,1
11061,0,1,1
11064,2,0,1
11134,0,1,1
11137,1,4,2
11154,0,3,1
11155,0,2,1
11156,0,2,1
11157,1,0,1
11168,10,1,2
11169,5,4,2
11258,0,5,1
11259,0,5,1
11260,0,1,1
11262,0,1,1
11263,2,11,2
11264,4,6,2
11272,2,3,2
11273,1,0,1
11283,0,1,1
11347,1,1,2
11348,0,1,1
11357,1,8,2
11360,0,1,1
11365,1,6,2
11366,1,7,2
11367,0,2,1
11368,1,0,1
11369,0,6,1
11371,3,1,2
11373,1,0,1
11382,0,1,1
11446,0,3,1
11447,0,2,1
11448,1,2,2
11454,1,1,2
11470,0,1,1
11474,2,2,2
11486,0,2,1
11489,1,0,1
11527,0,1,1
11547,0,1,1
11548,0,3,1
11552,0,2,1
11558,0,4,1
11559,0,3,1
11577,2,2,2
11578,1,2,2
11579,0,1,1
11580,0,1,1
11587,1,1,2
11592,0,2,1
11593,0,3,1
11607,2,2,2
11608,1,1,2
11650,0,3,1
11659,1,15,2
11660,1,1,2
11661,1,2,2
11676,1,1,2
11677,0,4,1
11678,1,8,2
11679,7,16,2
11680,13,6,2
11696,0,2,1
11773,2,4,2
11776,0,2,1
11777,0,4,1
11778,0,4,1
11779,0,3,1
11790,0,1,1
11791,0,1,1
11867,0,1,1
11872,0,6,1
11873,3,17,2
11874,0,3,1
11877,0,1,1
11887,1,1,2
11936,0,1,1
11964,0,2,1
11965,1,1,2
11967,0,1,1
12028,3,2,2
12053,0,2,1
12054,0,9,1
12055,1,1,2
12056,0,2,1
12069,0,1,1
12080,0,3,1
12115,0,1,1
12118,1,0,1
12161,0,2,1
12190,0,1,1
12195,0,2,1
12216,2,7,2
12236,2,2,2
12238,0,1,1
12239,0,1,1
12271,0,2,1
12292,0,1,1
12293,1,1,2
12304,0,1,1
12309,0,1,1
12312,1,1,2
12314,0,2,1
12321,0,2,1
12324,0,1,1
12343,0,2,1
12365,0,1,1
12385,1,2,2
12388,0,1,1
12398,0,6,1
12416,0,2,1
12418,0,3,1
12440,0,1,1
12441,0,3,1
12570,0,2,1
12579,1,0,1
12584,0,1,1
12610,0,3,1
12619,0,1,1
12633,0,1,1
12634,0,1,1
12719,3,12,2
12720,0,12,1
12768,0,4,1
12769,1,5,2
12778,1,2,2
12787,0,3,1
12836,1,1,2
12837,0,1,1
12846,0,2,1
12859,0,1,1
12870,0,1,1
12879,0,3,1
12896,0,1,1
12897,0,2,1
12898,0,2,1
12922,0,1,1
12936,0,3,1
12941,0,3,1
12973,0,1,1
12974,1,0,1
13010,0,1,1
13011,0,1,1
13013,0,4,1
13014,0,2,1
13016,0,3,1
13018,0,1,1
13021,0,1,1
13040,1,3,2
13046,0,2,1
13051,0,2,1
13052,0,1,1
13054,0,1,1
13057,0,1,1
13079,0,1,1
13087,1,4,2
13088,6,44,2
13097,0,3,1
13115,0,2,1
13119,0,1,1
13132,0,1,1
13137,0,1,1
13175,0,1,1
13214,0,1,1
13262,0,2,1
13263,0,2,1
