grid_id,Passiflora edulis,Passiflora foetida,Acraea terpsicore,n_species
207,2,0,0,1
229,1,0,0,1
262,1,0,0,1
263,3,0,0,1
264,1,0,0,1
279,2,0,0,1
297,5,0,0,1
298,1,0,0,1
315,1,0,0,1
333,1,0,0,1
351,5,0,0,1
388,2,0,0,1
427,3,0,0,1
449,2,0,0,1
466,9,0,0,1
505,2,0,0,1
545,3,0,0,1
587,5,0,0,1
592,1,0,0,1
638,1,0,0,1
639,7,0,0,1
695,1,0,0,1
701,4,0,0,1
769,6,0,0,1
838,1,0,0,1
839,4,0,0,1
840,2,0,0,1
908,1,0,0,1
909,2,0,0,1
938,3,0,0,1
983,7,0,0,1
984,20,0,0,1
1013,5,0,0,1
1057,1,0,0,1
1058,6,0,0,1
1059,33,0,0,1
1060,26,0,0,1
1134,2,0,0,1
1135,20,0,0,1
1136,37,0,0,1
1137,50,0,0,1
1138,1,0,0,1
1224,1,0,0,1
1225,3,0,0,1
1226,1,0,0,1
1227,2,0,0,1
1228,13,0,0,1
1320,7,0,0,1
1321,8,0,0,1
1413,1,0,0,1
1414,2,0,0,1
1415,8,0,0,1
1416,5,0,0,1
1512,1,0,0,1
1515,3,0,0,1
1516,1,0,0,1
1517,5,0,0,1
1622,3,0,0,1
1623,6,0,0,1
1625,1,1,0,2
1727,1,0,0,1
1728,2,0,0,1
1830,1,0,0,1
1948,1,0,0,1
1949,7,0,0,1
1950,5,0,0,1
1951,14,0,0,1
2063,1,0,0,1
2067,11,0,0,1
2192,1,0,0,1
2458,1,0,0,1
2459,2,0,0,1
2461,2,0,0,1
2603,5,0,2,2
2752,1,0,0,1
2753,8,0,0,1
2754,37,0,6,2
2903,2,0,0,1
2904,13,0,0,1
3053,1,0,0,1
3054,1,0,0,1
3055,2,0,1,2
3199,0,0,1,1
3205,0,0,1,1
3355,1,0,0,1
3358,1,0,0,1
3359,7,3,0,2
3360,1,0,0,1
3516,1,0,0,1
3665,1,0,0,1
3669,2,1,0,2
3670,0,1,0,1
3818,0,0,1,1
3824,1,0,0,1
3825,8,0,0,1
3826,1,0,0,1
3979,1,0,0,1
3982,3,0,0,1
3983,6,2,4,3
4134,1,0,0,1
4137,2,0,0,1
4139,15,0,1,2
4140,8,0,0,1
4141,13,3,1,3
4295,6,0,0,1
4296,1,0,2,2
4297,0,0,2,1
4298,17,2,1,3
4299,11,4,0,2
4452,1,0,0,1
4453,7,0,0,1
4454,0,1,0,1
4455,4,2,0,2
4456,29,3,1,3
4457,4,3,3,3
4613,2,1,0,2
4614,27,9,2,3
4615,44,6,6,3
4616,0,5,0,1
4771,0,1,0,1
4772,1,0,0,1
4773,1,31,0,2
4774,0,7,3,2
4775,45,34,43,3
4776,29,42,9,3
4777,1,1,0,2
4933,1,0,0,1
4934,10,0,1,2
4935,5,0,1,2
4936,1,0,0,1
4937,15,6,2,3
4938,3,8,0,2
4939,0,3,0,1
4940,0,1,0,1
5099,3,0,0,1
5100,4,4,4,3
5101,6,5,2,3
5102,0,1,0,1
5261,1,0,0,1
5262,1,0,0,1
5264,6,2,0,2
5265,22,15,2,3
5266,0,1,0,1
5427,1,0,0,1
5428,5,1,0,2
5429,14,3,14,3
5430,0,1,0,1
5591,0,0,1,1
5592,3,0,0,1
5593,4,4,1,3
5594,0,3,0,1
5739,0,0,1,1
5755,0,2,0,1
5756,1,1,0,2
5917,0,1,0,1
5918,0,4,2,2
6079,0,1,0,1
6080,0,4,3,2
6081,2,2,2,3
6239,0,1,0,1
6241,0,1,1,2
6242,1,0,0,1
6243,0,5,3,2
6244,1,3,3,3
6245,0,2,0,1
6246,0,1,0,1
6404,0,0,1,1
6407,1,3,0,2
6408,4,27,1,3
6410,4,2,0,2
6556,0,0,1,1
6570,0,1,1,2
6574,0,1,0,1
6725,0,0,2,1
6734,0,1,0,1
6735,0,6,2,2
6736,1,9,1,3
6881,0,1,1,2
6899,0,2,0,1
7054,0,0,1,1
7058,0,0,1,1
7210,0,1,0,1
7214,0,1,0,1
7216,1,0,0,1
7217,0,0,1,1
7218,1,9,0,2
7363,0,0,1,1
7371,0,1,0,1
7372,0,0,1,1
7375,0,3,0,1
7377,0,1,0,1
7529,0,1,0,1
7533,0,8,2,2
7534,0,2,0,1
7679,0,0,1,1
7691,0,2,0,1
7835,0,0,1,1
7836,0,0,1,1
7840,0,1,0,1
7841,0,0,1,1
7845,0,1,0,1
7993,0,1,2,2
7994,0,1,0,1
7995,0,0,1,1
7997,0,1,0,1
8003,0,0,2,1
8004,0,4,0,1
8005,1,3,0,2
8120,0,0,1,1
8137,0,0,1,1
8141,0,0,1,1
8142,0,0,3,1
8158,0,0,1,1
8159,0,2,0,1
8160,1,4,0,2
8245,0,0,1,1
8288,0,0,1,1
8303,0,1,2,2
8309,0,0,1,1
8313,0,1,0,1
8463,0,0,1,1
8466,0,1,0,1
8619,0,1,0,1
8754,0,0,1,1
8765,0,0,1,1
8766,0,0,1,1
8770,0,2,4,2
8893,0,0,4,1
8897,0,1,0,1
8899,0,0,1,1
8908,0,0,1,1
8920,0,2,0,1
8930,0,1,0,1
9052,0,1,1,2
9060,0,1,2,2
9065,0,0,1,1
9185,0,0,1,1
9192,0,0,2,1
9196,0,0,2,1
9197,0,0,3,1
9198,0,0,1,1
9208,0,0,1,1
9210,0,0,2,1
9345,0,0,1,1
9350,0,0,1,1
9351,0,0,1,1
9352,0,0,2,1
9355,0,0,1,1
9480,0,0,1,1
9488,0,0,3,1
9495,0,1,3,2
9498,0,2,10,2
9500,0,1,0,1
9618,0,1,1,2
9631,0,0,1,1
9632,0,0,1,1
9633,0,2,4,2
9635,0,0,4,1
9636,0,2,2,2
9640,0,1,0,1
9769,0,0,1,1
9881,0,0,2,1
9897,0,0,1,1
9899,0,0,2,1
9996,0,0,1,1
10022,0,1,1,2
10023,0,1,0,1
10026,0,1,2,2
10028,0,0,1,1
10029,0,0,2,1
10100,0,0,1,1
10118,0,1,4,2
10119,0,0,6,1
10122,0,0,2,1
10123,0,0,1,1
10144,0,0,1,1
10147,0,3,0,1
10156,0,0,2,1
10157,0,1,5,2
10158,0,1,0,1
10264,0,0,10,1
10272,0,2,5,2
10275,0,0,1,1
10279,0,0,1,1
10280,0,3,5,2
10281,0,4,13,2
10282,0,0,2,1
10395,0,0,1,1
10396,0,2,0,1
10399,0,1,0,1
10400,0,0,1,1
10401,0,0,1,1
10509,0,1,0,1
10513,0,1,6,2
10515,0,1,1,2
10594,0,0,1,1
10615,0,0,1,1
10626,0,0,9,1
10627,0,0,3,1
10629,0,1,0,1
10703,0,0,1,1
10705,0,0,1,1
10711,0,0,1,1
10728,0,0,1,1
10735,0,0,1,1
10737,0,0,4,1
10738,1,16,85,3
10739,0,11,45,2
10740,0,0,1,1
10821,0,0,1,1
10833,0,0,1,1
10845,1,3,2,3
10846,2,0,4,2
10848,0,0,1,1
10922,0,0,1,1
10944,0,0,1,1
10946,0,0,1,1
10948,0,0,1,1
10952,0,0,2,1
10953,0,0,1,1
10957,0,0,1,1
10958,0,0,2,1
10975,0,0,1,1
11030,0,0,1,1
11048,0,0,1,1
11052,0,0,1,1
11058,0,0,1,1
11059,0,0,1,1
11060,0,2,5,2
11061,0,0,1,1
11133,0,1,0,1
11134,0,0,1,1
11137,0,0,4,1
11154,0,0,3,1
11155,0,0,2,1
11156,0,0,2,1
11167,0,1,0,1
11168,0,0,1,1
11169,0,0,4,1
11258,0,0,5,1
11259,0,1,5,2
11260,0,0,1,1
11262,0,0,1,1
11263,0,0,11,1
11264,0,1,6,2
11272,0,0,3,1
11283,0,0,1,1
11347,0,0,1,1
11348,0,0,1,1
11357,0,1,8,2
11359,0,1,0,1
11360,0,0,1,1
11365,0,0,6,1
11366,0,0,7,1
11367,0,1,2,2
11368,0,2,0,1
11369,0,0,6,1
11371,0,0,1,1
11374,1,1,0,2
11382,0,0,1,1
11446,0,0,3,1
11447,0,0,2,1
11448,0,0,2,1
11454,0,0,1,1
11470,0,0,1,1
11474,0,0,2,1
11477,1,0,0,1
11486,0,0,2,1
11527,0,0,1,1
11547,0,0,1,1
11548,0,0,3,1
11552,0,0,2,1
11557,0,1,0,1
11558,0,0,4,1
11559,0,0,3,1
11575,0,1,0,1
11577,1,0,2,2
11578,0,0,2,1
11579,4,0,1,2
11580,0,0,1,1
11587,0,0,1,1
11592,0,0,2,1
11593,0,0,3,1
11606,0,1,0,1
11607,0,1,2,2
11608,0,0,1,1
11650,0,0,3,1
11659,0,2,15,2
11660,0,0,1,1
11661,0,0,2,1
11676,0,0,1,1
11677,0,0,4,1
11678,0,0,8,1
11679,5,0,16,2
11680,9,0,6,2
11681,0,1,0,1
11696,0,0,2,1
11773,0,0,4,1
11776,0,0,2,1
11777,1,0,4,2
11778,0,1,4,2
11779,0,1,3,2
11790,0,0,1,1
11791,0,0,1,1
11867,0,0,1,1
11872,0,1,6,2
11873,11,10,17,3
11874,2,3,3,3
11877,0,1,1,2
11887,0,0,1,1
11936,0,0,1,1
11960,0,1,0,1
11964,0,0,2,1
11965,1,2,1,3
11966,0,1,0,1
11967,0,0,1,1
12028,0,0,2,1
12053,0,1,2,2
12054,0,0,9,1
12055,1,0,1,2
12056,0,0,2,1
12069,0,0,1,1
12080,0,0,3,1
12115,0,0,1,1
12140,0,1,0,1
12141,1,2,0,2
12161,0,1,2,2
12190,0,0,1,1
12195,0,0,2,1
12216,0,0,7,1
12235,0,1,0,1
12236,0,1,2,2
12238,0,0,1,1
12239,0,0,1,1
12271,0,0,2,1
12292,0,1,1,2
12293,0,0,1,1
12294,0,1,0,1
12304,0,0,1,1
12309,0,0,1,1
12312,0,0,1,1
12314,0,1,2,2
12321,0,0,2,1
12324,0,0,1,1
12343,0,0,2,1
12365,0,0,1,1
12366,0,1,0,1
12368,0,1,0,1
12385,0,0,2,1
12388,0,0,1,1
12398,0,0,6,1
12400,0,1,0,1
12416,0,0,2,1
12418,0,0,3,1
12440,0,0,1,1
12441,0,0,3,1
12540,0,1,0,1
12546,0,1,0,1
12570,0,0,2,1
12584,0,0,1,1
12610,0,3,3,2
12611,0,2,0,1
12619,0,0,1,1
12633,0,0,1,1
12634,0,0,1,1
12665,0,1,0,1
12719,0,81,12,2
12720,0,6,12,2
12768,0,0,4,1
12769,0,2,5,2
12778,0,0,2,1
12787,0,0,3,1
12836,0,0,1,1
12837,0,2,1,2
12846,0,0,2,1
12859,0,0,1,1
12870,0,0,1,1
12879,0,1,3,2
12896,0,0,1,1
12897,0,0,2,1
12898,0,0,2,1
12922,0,0,1,1
12936,0,0,3,1
12941,0,0,3,1
12973,0,0,1,1
13010,0,1,1,2
13011,0,0,1,1
13013,0,0,4,1
13014,0,1,2,2
13016,0,0,3,1
13018,0,0,1,1
13021,0,0,1,1
13040,0,1,3,2
13046,1,5,2,3
13050,0,5,0,1
13051,0,1,2,2
13052,0,3,1,2
13054,0,0,1,1
13057,0,0,1,1
13079,0,1,1,2
13087,0,0,4,1
13088,0,8,44,2
13097,0,2,3,2
13115,0,0,2,1
13119,0,0,1,1
13132,0,0,1,1
13137,0,1,1,2
13147,0,3,0,1
13148,0,1,0,1
13175,0,0,1,1
13214,0,0,1,1
13261,0,1,0,1
13262,0,0,2,1
13263,0,0,2,1
