grid_id,Acraea andromacha,Acraea terpsicore,Afrohybanthus enneaspermus,Adenia heterophylla,n_species
505,1,0,0,0,4
533,2,0,0,0,4
567,1,0,0,0,4
634,5,0,0,0,4
695,17,0,0,0,4
768,1,0,0,0,4
837,3,0,0,0,4
838,5,0,0,0,4
908,2,0,0,0,4
910,1,0,0,0,4
980,2,0,0,0,4
981,2,0,0,0,4
983,11,0,0,0,4
1058,1,0,0,0,4
1060,1,0,0,0,4
1133,1,0,0,0,4
1134,7,0,0,0,4
1135,9,0,0,0,4
1136,1,0,0,0,4
1137,2,0,0,0,4
1138,1,0,0,0,4
1224,5,0,0,0,4
1228,1,0,0,0,4
1310,1,0,0,0,4
1313,1,0,0,0,4
1321,2,0,0,0,4
1405,1,0,0,0,4
1410,2,0,0,0,4
1416,1,0,0,0,4
1514,1,0,0,0,4
1518,1,0,0,0,4
1622,1,0,0,0,4
1711,1,0,0,0,4
1721,2,0,0,0,4
1725,1,0,0,0,4
1726,1,0,0,0,4
1728,14,0,0,0,4
1835,1,0,0,0,4
1943,3,0,0,0,4
1944,1,0,0,0,4
1948,2,0,0,0,4
1949,2,0,0,0,4
1950,1,0,0,0,4
1951,7,0,0,0,4
2065,1,0,0,0,4
2066,1,0,0,0,4
2067,9,0,0,0,4
2184,2,0,0,0,4
2186,2,0,0,0,4
2193,2,0,0,0,4
2316,1,0,0,0,4
2319,4,0,0,0,4
2320,1,0,0,0,4
2322,1,0,0,0,4
2324,4,0,0,0,4
2453,1,0,0,0,4
2461,1,0,0,0,4
2598,1,0,0,0,4
2599,1,0,0,0,4
2603,12,2,0,0,4
2747,1,0,0,0,4
2748,13,0,0,0,4
2749,4,0,0,0,4
2750,1,0,0,0,4
2751,5,0,0,0,4
2752,5,0,0,0,4
2754,29,6,0,0,4
2904,4,0,0,0,4
2905,1,0,0,0,4
3042,1,0,0,0,4
3043,2,0,0,0,4
3050,1,0,0,0,4
3053,1,0,0,0,4
3054,2,0,0,0,4
3055,0,1,0,0,4
3196,1,0,0,0,4
3198,1,0,0,0,4
3199,15,1,0,0,4
3205,1,1,0,0,4
3206,2,0,0,0,4
3350,2,0,0,0,4
3355,2,0,0,0,4
3356,1,0,0,0,4
3359,6,0,0,0,4
3360,2,0,0,0,4
3506,1,0,0,0,4
3507,1,0,0,0,4
3508,1,0,0,0,4
3663,4,0,0,0,4
3665,3,0,0,0,4
3669,4,0,0,0,4
3670,9,0,0,0,4
3818,1,1,0,0,4
3819,6,0,0,0,4
3820,1,0,0,0,4
3821,3,0,0,0,4
3823,1,0,0,0,4
3824,1,0,0,0,4
3825,3,0,0,0,4
3826,6,0,0,0,4
3976,4,0,0,0,4
3977,2,0,0,0,4
3978,2,0,0,0,4
3982,2,0,0,0,4
3983,3,4,0,0,4
4134,3,0,0,0,4
4135,4,0,0,0,4
4136,3,0,0,0,4
4137,1,0,0,0,4
4138,7,0,0,0,4
4139,4,1,0,0,4
4140,2,0,0,0,4
4141,27,1,0,0,4
4292,1,0,0,0,4
4293,4,0,0,0,4
4295,5,0,0,0,4
4296,3,2,0,0,4
4297,8,2,0,0,4
4298,21,1,0,0,4
4299,4,0,0,0,4
4447,1,0,0,0,4
4449,1,0,0,0,4
4450,3,0,0,0,4
4452,2,0,0,0,4
4453,16,0,0,0,4
4454,12,0,0,0,4
4455,25,0,0,0,4
4456,20,1,0,0,4
4457,3,3,0,0,4
4479,1,0,0,0,4
4607,1,0,0,0,4
4611,4,0,0,0,4
4612,5,0,0,0,4
4613,37,0,0,0,4
4614,107,2,0,0,4
4615,52,6,0,0,4
4616,7,0,0,0,4
4769,12,0,0,0,4
4770,2,0,0,0,4
4771,58,0,0,0,4
4772,11,0,0,0,4
4773,1,0,0,0,4
4774,50,3,0,0,4
4775,175,43,0,0,4
4776,219,9,0,0,4
4778,5,0,0,0,4
4928,1,0,0,0,4
4931,1,0,0,0,4
4933,13,0,0,0,4
4934,17,1,0,0,4
4935,12,1,0,0,4
4936,12,0,0,0,4
4937,51,2,0,0,4
4938,30,0,0,0,4
5094,2,0,0,0,4
5096,4,0,0,0,4
5097,1,0,0,0,4
5099,1,0,0,0,4
5100,10,4,0,0,4
5101,14,2,0,0,4
5251,1,0,0,0,4
5259,5,0,0,0,4
5260,1,0,0,0,4
5261,2,0,0,0,4
5262,2,0,0,0,4
5263,1,0,0,0,4
5264,9,0,0,0,4
5265,11,2,0,0,4
5266,1,0,0,0,4
5420,1,0,0,0,4
5422,1,0,0,0,4
5423,2,0,0,0,4
5424,1,0,0,0,4
5425,1,0,0,0,4
5426,1,0,0,0,4
5428,3,0,0,0,4
5429,6,14,0,0,4
5588,7,0,0,0,4
5590,2,0,0,0,4
5591,1,1,0,0,4
5592,2,0,0,0,4
5593,6,1,0,0,4
5594,23,0,0,0,4
5739,3,1,0,0,4
5744,1,0,0,0,4
5752,2,0,0,0,4
5754,3,0,0,0,4
5755,5,0,0,0,4
5756,1,0,0,0,4
5912,1,0,0,0,4
5918,7,2,0,0,4
5919,3,0,0,0,4
6080,12,3,0,0,4
6081,5,2,0,0,4
6237,1,0,0,0,4
6239,1,0,0,0,4
6241,1,1,0,0,4
6243,12,3,0,0,4
6244,2,3,0,0,4
6401,0,0,1,0,4
6404,1,1,1,0,4
6406,1,0,0,0,4
6408,4,1,0,0,4
6410,5,0,0,0,4
6555,1,0,1,0,4
6556,3,1,0,0,4
6559,1,0,0,0,4
6567,1,0,0,0,4
6569,1,0,0,0,4
6570,2,1,0,0,4
6571,2,0,0,0,4
6720,1,0,0,0,4
6725,1,2,0,0,4
6731,1,0,0,0,4
6733,1,0,0,0,4
6734,1,0,0,0,4
6735,3,2,0,0,4
6736,27,1,0,0,4
6881,36,1,0,0,4
6883,1,0,0,0,4
6889,1,0,0,0,4
6893,1,0,0,0,4
6898,1,0,0,0,4
6899,2,0,0,0,4
6973,1,0,0,0,4
7041,1,0,0,0,4
7042,1,0,0,0,4
7045,1,0,0,0,4
7048,0,0,1,0,4
7051,1,0,0,0,4
7054,6,1,0,0,4
7055,2,0,0,0,4
7056,1,0,0,0,4
7058,0,1,0,0,4
7188,1,0,0,0,4
7214,3,0,0,0,4
7217,0,1,0,0,4
7218,7,0,1,0,4
7363,0,1,0,0,4
7371,0,0,1,0,4
7372,0,1,0,0,4
7375,1,0,0,0,4
7377,4,0,0,0,4
7521,1,0,0,0,4
7533,6,2,0,0,4
7534,7,0,0,0,4
7558,0,0,1,0,4
7678,2,0,0,0,4
7679,1,1,0,0,4
7688,0,0,1,0,4
7691,2,0,0,0,4
7692,2,0,1,0,4
7767,1,0,0,0,4
7768,11,0,0,0,4
7835,0,1,0,0,4
7836,0,1,0,0,4
7839,0,0,1,0,4
7840,0,0,1,0,4
7841,0,1,0,0,4
7842,0,0,1,0,4
7845,4,0,65,0,4
7993,1,2,0,0,4
7994,2,0,0,0,4
7995,0,1,0,0,4
7997,1,0,0,0,4
8003,0,2,2,0,4
8004,1,0,0,0,4
8005,1,0,1,0,4
8120,0,1,0,0,4
8137,0,1,0,0,4
8141,0,1,0,0,4
8142,0,3,0,0,4
8158,0,1,2,0,4
8178,1,0,0,0,4
8240,1,0,0,0,4
8245,0,1,0,0,4
8288,0,1,0,0,4
8303,1,2,0,0,4
8309,0,1,0,0,4
8310,2,0,0,0,4
8313,1,0,0,0,4
8463,1,1,0,0,4
8466,0,0,1,0,4
8481,1,0,0,0,4
8604,1,0,0,0,4
8754,0,1,0,0,4
8765,0,1,0,0,4
8766,0,1,0,0,4
8768,0,0,1,0,4
8770,0,4,0,0,4
8792,1,0,0,0,4
8893,0,4,0,0,4
8899,0,1,0,0,4
8908,0,1,1,0,4
8950,1,0,0,0,4
9052,0,1,0,0,4
9060,0,2,1,0,4
9065,0,1,0,0,4
9082,1,0,0,0,4
9185,0,1,0,0,4
9192,0,2,0,0,4
9196,0,2,0,0,4
9197,0,3,0,0,4
9198,1,1,0,0,4
9204,0,0,1,0,4
9207,0,0,1,0,4
9208,0,1,0,0,4
9210,0,2,0,0,4
9226,1,0,0,0,4
9237,1,0,0,0,4
9289,1,0,0,0,4
9291,1,0,0,0,4
9345,0,1,0,0,4
9349,0,0,1,0,4
9350,2,1,0,0,4
9351,0,1,0,0,4
9352,0,2,0,0,4
9353,0,0,1,0,4
9355,0,1,0,0,4
9480,0,1,0,0,4
9488,2,3,1,0,4
9495,2,3,0,0,4
9498,1,10,1,0,4
9501,1,0,0,0,4
9595,1,0,0,0,4
9618,0,1,0,0,4
9631,0,1,0,0,4
9632,0,1,0,0,4
9633,4,4,0,0,4
9635,0,4,0,0,4
9636,4,2,0,0,4
9768,1,0,0,0,4
9769,0,1,0,0,4
9774,1,0,0,0,4
9881,1,2,0,0,4
9897,0,1,0,0,4
9899,0,2,0,0,4
9993,2,0,1,0,4
9994,1,0,1,0,4
9996,0,1,0,0,4
10014,0,0,1,0,4
10022,0,1,0,0,4
10026,0,2,0,0,4
10028,0,1,0,0,4
10029,1,2,0,0,4
10100,0,1,0,0,4
10118,4,4,0,0,4
10119,4,6,1,0,4
10121,1,0,0,0,4
10122,0,2,1,0,4
10123,2,1,0,0,4
10139,1,0,0,0,4
10142,0,0,2,0,4
10144,0,1,0,0,4
10156,0,2,0,0,4
10157,1,5,0,0,4
10243,1,0,0,0,4
10264,4,10,0,0,4
10272,0,5,0,0,4
10275,0,1,0,0,4
10279,0,1,0,0,4
10280,0,5,0,0,4
10281,1,13,2,0,4
10282,0,2,0,0,4
10367,0,0,1,0,4
10395,0,1,1,0,4
10399,2,0,0,0,4
10400,0,1,0,0,4
10401,0,1,0,0,4
10431,1,0,0,0,4
10478,1,0,0,0,4
10502,0,0,1,0,4
10509,2,0,0,0,4
10512,0,0,1,0,4
10513,0,6,1,0,4
10515,1,1,0,0,4
10594,0,1,0,0,4
10614,1,0,0,0,4
10615,4,1,0,0,4
10626,0,9,0,0,4
10627,0,3,2,0,4
10703,0,1,0,0,4
10705,1,1,0,0,4
10711,0,1,0,0,4
10725,1,0,0,0,4
10728,0,1,0,0,4
10735,0,1,0,0,4
10737,0,4,0,0,4
10738,6,85,20,0,4
10739,8,45,3,0,4
10740,0,1,0,0,4
10741,1,0,0,0,4
10821,0,1,0,0,4
10833,1,1,1,0,4
10834,1,0,0,0,4
10845,2,2,0,0,4
10846,0,4,2,0,4
10848,0,1,0,0,4
10921,1,0,0,0,4
10922,0,1,0,0,4
10941,3,0,0,0,4
10944,0,1,0,0,4
10946,0,1,0,0,4
10947,0,0,1,0,4
10948,0,1,0,0,4
10952,0,2,0,0,4
10953,0,1,0,0,4
10957,1,1,0,0,4
10958,1,2,0,0,4
10975,0,1,0,0,4
10977,0,0,1,0,4
11030,0,1,0,0,4
11048,0,1,1,0,4
11052,0,1,0,0,4
11058,0,1,0,0,4
11059,0,1,0,0,4
11060,0,5,0,0,4
11061,0,1,0,0,4
11064,2,0,0,0,4
11134,0,1,0,0,4
11137,1,4,0,0,4
11154,0,3,0,0,4
11155,0,2,0,0,4
11156,0,2,0,0,4
11157,1,0,0,0,4
11168,10,1,0,0,4
11169,5,4,0,0,4
11255,0,0,1,0,4
11258,0,5,0,0,4
11259,0,5,0,0,4
11260,0,1,0,0,4
11262,0,1,0,0,4
11263,2,11,0,0,4
11264,4,6,0,0,4
11272,2,3,0,0,4
11273,1,0,0,0,4
11283,0,1,0,0,4
11347,1,1,0,0,4
11348,0,1,0,0,4
11357,1,8,1,0,4
11358,0,0,1,0,4
11360,0,1,0,0,4
11365,1,6,0,0,4
11366,1,7,0,0,4
11367,0,2,0,0,4
11368,1,0,0,0,4
11369,0,6,0,0,4
11371,3,1,0,0,4
11373,1,0,0,0,4
11374,0,0,1,2,4
11381,0,0,1,0,4
11382,0,1,0,0,4
11446,0,3,0,0,4
11447,0,2,0,0,4
11448,1,2,0,0,4
11454,1,1,0,0,4
11456,0,0,1,0,4
11459,0,0,2,0,4
11470,0,1,0,0,4
11474,2,2,0,0,4
11477,0,0,0,1,4
11486,0,2,0,0,4
11489,1,0,0,0,4
11527,0,1,0,0,4
11547,0,1,0,0,4
11548,0,3,0,0,4
11552,0,2,0,0,4
11558,0,4,0,0,4
11559,0,3,0,0,4
11574,0,0,1,0,4
11577,2,2,1,0,4
11578,1,2,0,0,4
11579,0,1,0,1,4
11580,0,1,0,1,4
11587,1,1,0,0,4
11592,0,2,0,0,4
11593,0,3,0,0,4
11607,2,2,0,0,4
11608,1,1,0,0,4
11650,0,3,0,0,4
11659,1,15,0,0,4
11660,1,1,0,0,4
11661,1,2,0,0,4
11676,1,1,0,0,4
11677,0,4,0,0,4
11678,1,8,1,0,4
11679,7,16,3,0,4
11680,13,6,0,1,4
11681,0,0,0,1,4
11696,0,2,0,0,4
11721,0,0,1,0,4
11731,0,0,2,0,4
11732,0,0,1,0,4
11773,2,4,0,0,4
11776,0,2,0,0,4
11777,0,4,3,0,4
11778,0,4,5,1,4
11779,0,3,0,1,4
11790,0,1,0,0,4
11791,0,1,0,0,4
11793,0,0,1,0,4
11826,0,0,1,0,4
11830,0,0,2,0,4
11867,0,1,0,0,4
11872,0,6,0,0,4
11873,3,17,0,9,4
11874,0,3,1,5,4
11877,0,1,0,0,4
11887,1,1,0,0,4
11921,0,0,5,0,4
11924,0,0,1,0,4
11925,0,0,1,0,4
11926,0,0,1,0,4
11928,0,0,3,0,4
11929,0,0,3,0,4
11936,0,1,0,0,4
11964,0,2,0,0,4
11965,1,1,0,0,4
11966,0,0,1,3,4
11967,0,1,0,0,4
11989,0,0,1,0,4
12011,0,0,12,0,4
12017,0,0,5,0,4
12018,0,0,12,0,4
12028,3,2,0,0,4
12053,0,2,0,0,4
12054,0,9,0,0,4
12055,1,1,0,3,4
12056,0,2,0,1,4
12069,0,1,0,0,4
12080,0,3,0,0,4
12102,0,0,3,0,4
12103,0,0,3,0,4
12104,0,0,5,0,4
12106,0,0,2,0,4
12107,0,0,2,0,4
12115,0,1,0,0,4
12118,1,0,0,0,4
12140,0,0,0,1,4
12161,0,2,0,0,4
12181,0,0,3,0,4
12182,0,0,2,0,4
12183,0,0,2,0,4
12190,0,1,0,0,4
12195,0,2,0,0,4
12216,2,7,0,0,4
12218,0,0,0,1,4
12236,2,2,0,1,4
12238,0,1,0,0,4
12239,0,1,2,0,4
12255,0,0,1,0,4
12271,0,2,0,0,4
12292,0,1,0,0,4
12293,1,1,1,0,4
12304,0,1,0,0,4
12309,0,1,0,0,4
12312,1,1,0,0,4
12314,0,2,0,0,4
12321,0,2,0,0,4
12324,0,1,0,0,4
12329,0,0,2,0,4
12330,0,0,2,0,4
12343,0,2,0,0,4
12365,0,1,0,0,4
12368,0,0,0,1,4
12385,1,2,0,0,4
12388,0,1,0,0,4
12391,0,0,1,0,4
12398,0,6,0,0,4
12400,0,0,1,0,4
12404,0,0,1,0,4
12407,0,0,2,0,4
12416,0,2,0,0,4
12418,0,3,0,0,4
12440,0,1,0,0,4
12441,0,3,0,0,4
12442,0,0,3,0,4
12466,0,0,1,0,4
12477,0,0,3,0,4
12478,0,0,3,0,4
12479,0,0,1,0,4
12481,0,0,1,0,4
12509,0,0,1,0,4
12570,0,2,1,0,4
12579,1,0,0,0,4
12584,0,1,0,0,4
12610,0,3,5,0,4
12619,0,1,0,0,4
12633,0,1,0,0,4
12634,0,1,0,0,4
12641,0,0,0,1,4
12675,0,0,1,0,4
12719,3,12,0,0,4
12720,0,12,0,0,4
12768,0,4,0,0,4
12769,1,5,0,0,4
12772,0,0,2,0,4
12778,1,2,0,0,4
12787,0,3,0,0,4
12788,0,0,1,0,4
12836,1,1,3,1,4
12837,0,1,3,0,4
12846,0,2,0,0,4
12859,0,1,0,0,4
12870,0,1,0,0,4
12879,0,3,0,0,4
12880,0,0,6,0,4
12896,0,1,0,0,4
12897,0,2,0,0,4
12898,0,2,0,0,4
12912,0,0,1,0,4
12922,0,1,0,0,4
12936,0,3,0,0,4
12941,0,3,0,0,4
12973,0,1,0,0,4
12974,1,0,0,0,4
13010,0,1,0,0,4
13011,0,1,0,0,4
13013,0,4,0,1,4
13014,0,2,1,0,4
13016,0,3,1,1,4
13018,0,1,1,0,4
13021,0,1,1,3,4
13040,1,3,0,0,4
13046,0,2,0,2,4
13050,0,0,2,0,4
13051,0,2,0,0,4
13052,0,1,0,0,4
13054,0,1,2,0,4
13057,0,1,0,1,4
13071,0,0,1,0,4
13079,0,1,0,0,4
13087,1,4,0,0,4
13088,6,44,22,0,4
13097,0,3,0,0,4
13109,0,0,1,0,4
13115,0,2,0,0,4
13119,0,1,0,0,4
13132,0,1,0,0,4
13137,0,1,0,0,4
13147,0,0,4,0,4
13148,0,0,2,0,4
13159,0,0,0,1,4
13175,0,1,0,0,4
13200,0,0,0,1,4
13214,0,1,0,0,4
13260,0,0,0,1,4
13262,0,2,0,0,4
13263,0,2,0,0,4
13265,0,0,0,1,4
