grid_id,Passifloraceae,Acraea andromacha,Acraea terpsicore,n_species
13,2,0,0,3
14,1,0,0,3
15,1,0,0,3
16,1,0,0,3
21,1,0,0,3
22,6,0,0,3
24,12,0,0,3
31,28,0,0,3
43,1,0,0,3
54,1,0,0,3
67,2,0,0,3
95,1,0,0,3
100,48,0,0,3
104,3,0,0,3
111,1,0,0,3
113,4,0,0,3
117,2,0,0,3
124,8,0,0,3
127,1,0,0,3
136,5,0,0,3
141,2,0,0,3
155,1,0,0,3
168,1,0,0,3
169,5,0,0,3
174,1,0,0,3
175,8,0,0,3
176,1,0,0,3
181,6,0,0,3
182,26,0,0,3
183,3,0,0,3
187,1,0,0,3
190,3,0,0,3
196,1,0,0,3
199,4,0,0,3
200,7,0,0,3
202,6,0,0,3
203,13,0,0,3
204,1,0,0,3
207,8,0,0,3
208,3,0,0,3
210,1,0,0,3
220,2,0,0,3
221,1,0,0,3
226,3,0,0,3
227,1,0,0,3
228,1,0,0,3
229,28,0,0,3
230,19,0,0,3
231,10,0,0,3
232,3,0,0,3
234,3,0,0,3
236,1,0,0,3
237,1,0,0,3
238,2,0,0,3
239,2,0,0,3
240,2,0,0,3
242,5,0,0,3
243,4,0,0,3
246,1,0,0,3
261,8,0,0,3
262,75,0,0,3
263,161,0,0,3
264,16,0,0,3
265,1,0,0,3
269,1,0,0,3
270,3,0,0,3
271,2,0,0,3
272,13,0,0,3
273,3,0,0,3
274,11,0,0,3
275,9,0,0,3
276,4,0,0,3
277,5,0,0,3
278,3,0,0,3
279,26,0,0,3
280,2,0,0,3
282,1,0,0,3
283,1,0,0,3
293,2,0,0,3
295,1,0,0,3
296,6,0,0,3
297,45,0,0,3
298,15,0,0,3
299,1,0,0,3
300,2,0,0,3
307,4,0,0,3
308,4,0,0,3
309,1,0,0,3
310,5,0,0,3
313,2,0,0,3
314,2,0,0,3
315,12,0,0,3
331,3,0,0,3
332,5,0,0,3
333,2,0,0,3
345,1,0,0,3
349,2,0,0,3
351,37,0,0,3
367,1,0,0,3
388,11,0,0,3
389,4,0,0,3
399,2,0,0,3
405,1,0,0,3
409,1,0,0,3
425,2,0,0,3
426,2,0,0,3
427,8,0,0,3
449,3,0,0,3
454,1,0,0,3
464,2,0,0,3
465,11,0,0,3
466,28,0,0,3
487,1,0,0,3
504,4,0,0,3
505,13,1,0,3
532,1,0,0,3
533,1,4,0,3
544,10,0,0,3
545,42,0,0,3
567,0,1,0,3
571,1,0,0,3
586,6,0,0,3
587,32,0,0,3
588,17,0,0,3
592,1,0,0,3
593,1,0,0,3
595,1,0,0,3
619,2,0,0,3
634,40,5,0,3
638,9,0,0,3
639,38,0,0,3
646,1,0,0,3
695,112,18,0,3
696,1,0,0,3
700,11,0,0,3
701,20,0,0,3
715,1,0,0,3
756,1,0,0,3
757,1,0,0,3
767,2,0,0,3
768,10,1,0,3
769,33,0,0,3
770,7,0,0,3
794,1,0,0,3
833,1,0,0,3
837,15,3,0,3
838,8,5,0,3
839,17,0,0,3
840,63,0,0,3
845,2,0,0,3
898,2,0,0,3
899,3,0,0,3
906,1,0,0,3
907,1,0,0,3
908,12,2,0,3
909,58,1,0,3
910,25,1,0,3
911,3,0,0,3
912,1,0,0,3
938,7,0,0,3
980,0,2,0,3
981,5,2,0,3
982,45,0,0,3
983,138,11,0,3
984,71,0,0,3
985,2,0,0,3
986,1,0,0,3
1012,1,0,0,3
1013,22,0,0,3
1056,2,0,0,3
1057,9,0,0,3
1058,51,1,0,3
1059,316,2,0,3
1060,155,1,0,3
1090,2,0,0,3
1133,12,1,0,3
1134,26,7,0,3
1135,257,9,0,3
1136,242,1,0,3
1137,358,2,0,3
1138,19,1,0,3
1140,0,2,0,3
1163,1,0,0,3
1187,1,0,0,3
1194,1,0,0,3
1223,1,0,0,3
1224,8,5,0,3
1225,57,0,0,3
1226,27,0,0,3
1227,26,0,0,3
1228,61,1,0,3
1229,2,0,0,3
1309,3,0,0,3
1310,0,1,0,3
1312,1,0,0,3
1313,1,1,0,3
1315,3,0,0,3
1316,2,0,0,3
1318,1,0,0,3
1319,1,0,0,3
1320,32,0,0,3
1321,35,2,0,3
1323,1,0,0,3
1405,0,1,0,3
1410,6,2,0,3
1413,4,0,0,3
1414,22,0,0,3
1415,91,1,0,3
1416,31,2,0,3
1417,2,0,0,3
1420,1,0,0,3
1503,1,0,0,3
1512,1,0,0,3
1514,8,1,0,3
1515,10,0,0,3
1516,16,1,0,3
1517,16,0,0,3
1518,19,1,0,3
1519,1,0,0,3
1520,17,0,0,3
1523,2,0,0,3
1611,1,0,0,3
1617,1,0,0,3
1618,14,0,0,3
1619,3,0,0,3
1620,9,0,0,3
1621,3,0,0,3
1622,6,1,0,3
1623,33,1,0,3
1625,2,0,0,3
1711,0,1,0,3
1718,1,0,0,3
1721,1,2,0,3
1722,15,0,0,3
1723,18,0,0,3
1724,1,0,0,3
1725,4,1,0,3
1726,6,1,0,3
1727,5,0,0,3
1728,28,16,0,3
1730,3,0,0,3
1830,1,0,0,3
1831,1,0,0,3
1832,1,0,0,3
1834,5,0,0,3
1835,19,1,0,3
1836,2,0,0,3
1837,18,3,0,3
1838,2,0,1,3
1844,2,0,0,3
1943,3,3,0,3
1944,0,1,0,3
1946,1,0,0,3
1947,8,0,0,3
1948,7,2,0,3
1949,26,2,0,3
1950,13,1,0,3
1951,66,10,0,3
2059,1,0,0,3
2062,2,0,0,3
2063,1,0,0,3
2065,4,2,0,3
2066,12,1,0,3
2067,141,13,0,3
2068,2,0,0,3
2184,0,2,0,3
2186,0,2,0,3
2190,6,0,0,3
2191,2,0,0,3
2192,7,0,0,3
2193,9,2,0,3
2316,0,1,0,3
2319,0,4,0,3
2320,0,1,0,3
2322,0,1,0,3
2323,6,0,0,3
2324,13,4,0,3
2438,1,0,0,3
2448,1,0,0,3
2453,0,3,0,3
2457,1,0,0,3
2458,3,1,0,3
2459,9,0,0,3
2460,4,0,0,3
2461,17,1,0,3
2589,1,0,0,3
2592,0,1,0,3
2593,1,0,0,3
2597,1,0,0,3
2598,0,1,0,3
2599,4,1,0,3
2600,3,0,0,3
2602,1,0,0,3
2603,68,13,2,3
2604,2,0,0,3
2747,0,1,0,3
2748,1,13,0,3
2749,0,4,0,3
2750,0,1,0,3
2751,0,5,0,3
2752,26,5,0,3
2753,26,0,0,3
2754,215,41,7,3
2884,1,0,0,3
2902,7,0,0,3
2903,5,0,0,3
2904,82,4,0,3
2905,1,2,0,3
3042,1,1,0,3
3043,0,2,0,3
3050,0,1,0,3
3053,4,1,0,3
3054,10,3,0,3
3055,13,0,1,3
3196,0,3,1,3
3198,0,1,0,3
3199,0,15,1,3
3202,1,0,0,3
3204,2,0,0,3
3205,4,3,1,3
3206,13,7,0,3
3207,5,0,0,3
3301,1,0,0,3
3350,0,2,0,3
3351,1,0,0,3
3355,2,2,0,3
3356,11,1,0,3
3357,3,1,0,3
3358,2,0,0,3
3359,59,10,0,3
3360,14,2,0,3
3506,0,1,0,3
3507,0,1,0,3
3508,0,1,0,3
3509,1,0,0,3
3510,2,0,0,3
3511,7,1,0,3
3512,1,0,0,3
3513,4,0,0,3
3514,6,0,0,3
3516,1,0,0,3
3663,0,4,0,3
3665,2,3,0,3
3666,2,0,0,3
3668,3,0,0,3
3669,52,8,0,3
3670,38,10,0,3
3818,2,1,1,3
3819,0,7,0,3
3820,0,3,0,3
3821,1,3,0,3
3822,6,0,0,3
3823,1,1,0,3
3824,42,1,0,3
3825,129,4,0,3
3826,76,7,0,3
3975,1,0,0,3
3976,2,6,0,3
3977,2,2,0,3
3978,2,2,0,3
3979,6,0,0,3
3980,16,0,0,3
3981,24,0,0,3
3982,52,3,0,3
3983,90,3,4,3
4131,0,1,0,3
4134,4,3,0,3
4135,10,5,0,3
4136,6,5,0,3
4137,11,1,0,3
4138,26,9,0,3
4139,44,6,1,3
4140,109,3,0,3
4141,197,41,1,3
4286,1,0,0,3
4292,0,1,0,3
4293,0,4,0,3
4294,1,0,0,3
4295,47,6,0,3
4296,22,3,2,3
4297,11,9,2,3
4298,146,25,1,3
4299,79,4,0,3
4447,0,1,0,3
4449,0,1,0,3
4450,0,5,0,3
4452,14,2,0,3
4453,75,17,0,3
4454,39,15,0,3
4455,126,29,0,3
4456,343,26,1,3
4457,58,6,3,3
4479,0,1,0,3
4607,0,2,0,3
4609,1,0,0,3
4610,1,0,0,3
4611,47,6,0,3
4612,22,6,0,3
4613,39,56,0,3
4614,332,134,2,3
4615,471,91,6,3
4616,18,10,0,3
4769,1,9,0,3
4771,88,47,1,3
4772,21,18,0,3
4773,37,2,2,3
4774,41,78,3,3
4775,571,235,46,3
4776,575,291,10,3
4777,5,0,0,3
4778,2,5,0,3
4922,1,0,0,3
4928,0,1,0,3
4931,0,1,0,3
4933,25,12,0,3
4934,52,19,1,3
4935,21,14,1,3
4936,16,15,0,3
4937,93,60,2,3
4938,55,35,0,3
4939,7,0,0,3
4940,2,0,0,3
5094,0,3,0,3
5096,3,2,0,3
5097,1,2,0,3
5098,3,0,0,3
5099,14,2,0,3
5100,48,10,4,3
5101,54,17,2,3
5102,6,0,0,3
5103,3,0,0,3
5251,0,1,0,3
5259,3,8,0,3
5260,15,3,0,3
5261,15,3,0,3
5262,5,2,0,3
5263,3,1,0,3
5264,44,16,0,3
5265,185,19,2,3
5266,3,3,0,3
5420,0,1,0,3
5423,10,3,0,3
5424,0,1,0,3
5425,3,1,0,3
5426,2,1,0,3
5427,5,1,0,3
5428,44,6,0,3
5429,135,9,15,3
5430,2,0,0,3
5588,3,7,0,3
5590,1,2,0,3
5591,1,1,1,3
5592,12,4,0,3
5593,32,16,1,3
5594,20,31,0,3
5739,0,2,2,3
5744,0,2,0,3
5751,1,0,0,3
5752,4,2,0,3
5754,11,4,0,3
5755,44,6,0,3
5756,11,1,0,3
5895,1,0,0,3
5903,1,0,0,3
5905,2,0,0,3
5911,1,0,0,3
5912,0,1,0,3
5916,1,0,0,3
5917,2,1,0,3
5918,17,12,2,3
5919,8,6,0,3
5920,13,0,0,3
6064,1,0,0,3
6068,1,0,0,3
6078,1,0,0,3
6079,20,0,0,3
6080,46,16,3,3
6081,14,6,2,3
6082,3,0,0,3
6237,0,1,0,3
6239,1,2,1,3
6240,2,0,0,3
6241,13,1,1,3
6242,4,0,0,3
6243,36,12,3,3
6244,11,3,3,3
6245,9,0,0,3
6246,1,0,0,3
6248,5,0,0,3
6392,1,0,0,3
6402,0,1,0,3
6404,2,1,1,3
6405,1,0,0,3
6406,0,1,0,3
6407,26,0,0,3
6408,81,5,2,3
6409,1,0,0,3
6410,17,5,0,3
6555,0,1,0,3
6556,0,3,1,3
6559,0,1,0,3
6562,1,0,0,3
6567,1,1,0,3
6568,1,0,0,3
6569,3,1,0,3
6570,6,3,1,3
6571,1,3,0,3
6573,3,0,0,3
6574,1,0,0,3
6720,1,1,0,3
6725,0,2,2,3
6731,0,1,0,3
6733,1,1,0,3
6734,2,1,0,3
6735,9,5,2,3
6736,16,39,1,3
6881,6,46,1,3
6883,0,1,0,3
6889,0,1,0,3
6893,0,2,0,3
6897,2,0,0,3
6898,0,1,0,3
6899,4,6,0,3
6973,0,1,0,3
7020,1,0,0,3
7022,0,0,2,3
7039,0,1,0,3
7041,0,7,0,3
7042,0,1,0,3
7045,0,1,0,3
7051,1,1,0,3
7052,1,0,0,3
7054,2,14,1,3
7055,1,0,0,3
7056,7,3,0,3
7057,0,1,0,3
7058,3,0,1,3
7188,0,1,0,3
7200,1,3,0,3
7206,0,1,0,3
7210,1,0,0,3
7214,14,2,0,3
7215,0,1,0,3
7216,1,0,0,3
7217,4,0,1,3
7218,15,11,0,3
7347,0,0,1,3
7363,0,1,1,3
7371,1,0,0,3
7372,1,0,1,3
7375,3,1,0,3
7376,1,0,0,3
7377,6,5,0,3
7509,0,0,1,3
7518,1,0,0,3
7521,0,1,0,3
7529,1,0,0,3
7531,1,0,0,3
7533,23,12,2,3
7534,14,8,0,3
7678,0,2,0,3
7679,0,1,1,3
7687,1,0,0,3
7688,0,1,0,3
7690,3,0,0,3
7691,6,2,0,3
7692,1,3,0,3
7767,0,1,0,3
7768,0,14,0,3
7835,0,0,1,3
7836,0,0,1,3
7840,1,0,0,3
7841,0,0,1,3
7842,0,1,0,3
7845,6,6,0,3
7846,2,0,0,3
7930,0,3,0,3
7990,1,0,0,3
7992,1,0,0,3
7993,1,1,2,3
7994,3,2,0,3
7995,0,0,1,3
7997,1,1,0,3
8003,3,1,2,3
8004,22,5,0,3
8005,9,1,0,3
8120,0,0,2,3
8137,0,0,1,3
8141,0,0,1,3
8142,0,0,3,3
8155,1,0,0,3
8156,1,0,0,3
8157,1,1,0,3
8158,5,1,1,3
8159,5,0,0,3
8160,10,1,0,3
8178,2,1,0,3
8240,0,1,0,3
8245,0,0,1,3
8288,0,0,1,3
8303,1,1,2,3
8305,1,0,0,3
8306,1,0,0,3
8309,0,0,1,3
8310,2,2,0,3
8312,0,1,0,3
8313,1,1,0,3
8315,2,2,0,3
8317,1,0,0,3
8455,1,0,0,3
8463,0,1,1,3
8466,2,0,0,3
8467,3,0,0,3
8469,3,0,0,3
8471,1,0,0,3
8481,0,1,0,3
8487,0,2,0,3
8588,0,1,0,3
8604,0,1,0,3
8619,2,0,0,3
8621,2,0,0,3
8754,0,0,1,3
8765,0,0,1,3
8766,0,0,1,3
8770,4,0,4,3
8780,1,0,0,3
8792,0,1,0,3
8893,0,0,5,3
8897,1,0,0,3
8899,0,0,1,3
8908,0,0,1,3
8920,3,0,0,3
8929,2,0,0,3
8930,2,0,0,3
8950,0,1,0,3
8951,0,1,0,3
9038,0,0,1,3
9052,1,0,1,3
9059,1,0,0,3
9060,2,0,2,3
9062,1,0,0,3
9065,1,0,2,3
9082,0,1,0,3
9185,0,0,1,3
9192,0,0,2,3
9196,0,0,2,3
9197,0,0,3,3
9198,0,1,1,3
9208,0,1,1,3
9210,0,0,2,3
9226,0,1,0,3
9237,0,1,0,3
9289,0,1,0,3
9291,0,1,0,3
9327,0,1,0,3
9345,0,1,3,3
9350,0,2,1,3
9351,1,0,1,3
9352,0,0,2,3
9353,0,1,1,3
9355,1,1,1,3
9361,1,0,0,3
9480,0,0,1,3
9488,0,2,5,3
9494,1,0,0,3
9495,4,5,3,3
9497,3,0,0,3
9498,3,5,11,3
9500,2,0,0,3
9501,0,1,0,3
9595,0,1,0,3
9617,0,0,2,3
9618,1,1,2,3
9631,0,0,1,3
9632,0,0,1,3
9633,3,4,4,3
9634,3,2,0,3
9635,1,1,5,3
9636,17,5,3,3
9640,1,0,0,3
9758,0,1,2,3
9767,0,1,0,3
9768,0,1,0,3
9769,2,0,1,3
9774,0,1,0,3
9881,1,2,2,3
9897,0,0,1,3
9899,0,0,2,3
9993,0,2,0,3
9994,0,1,0,3
9996,0,0,1,3
10011,0,0,1,3
10014,0,0,1,3
10015,0,0,1,3
10022,1,0,3,3
10023,1,0,1,3
10026,1,0,2,3
10028,0,0,1,3
10029,1,1,2,3
10031,3,0,0,3
10100,0,0,1,3
10118,2,4,4,3
10119,4,4,6,3
10121,0,1,0,3
10122,1,0,2,3
10123,1,2,1,3
10139,0,1,0,3
10142,0,1,1,3
10143,0,0,1,3
10144,2,0,5,3
10147,4,0,0,3
10156,0,0,2,3
10157,2,1,6,3
10158,8,0,0,3
10159,1,0,0,3
10243,0,1,0,3
10247,1,0,0,3
10264,0,4,13,3
10272,3,2,8,3
10275,0,0,1,3
10279,0,0,1,3
10280,5,0,5,3
10281,8,4,22,3
10282,0,0,3,3
10366,1,0,0,3
10391,2,0,0,3
10394,1,1,1,3
10395,0,0,2,3
10396,5,0,0,3
10399,4,3,1,3
10400,1,0,1,3
10401,1,0,1,3
10431,0,1,0,3
10478,0,1,0,3
10509,2,2,3,3
10511,2,0,0,3
10513,11,0,6,3
10515,4,1,1,3
10594,0,0,1,3
10614,0,1,0,3
10615,0,4,1,3
10622,0,0,2,3
10624,1,0,2,3
10625,5,0,1,3
10626,3,0,10,3
10627,14,0,5,3
10628,2,0,2,3
10629,2,0,0,3
10703,0,0,1,3
10705,0,1,1,3
10711,0,0,1,3
10725,0,1,0,3
10728,0,0,1,3
10735,0,0,1,3
10737,2,0,5,3
10738,117,14,134,3
10739,63,9,56,3
10740,0,0,1,3
10741,0,1,0,3
10767,0,1,0,3
10794,0,1,0,3
10821,0,0,1,3
10833,0,1,1,3
10834,0,1,0,3
10844,3,0,1,3
10845,8,6,2,3
10846,9,0,4,3
10848,1,0,1,3
10921,0,1,0,3
10922,0,0,1,3
10941,0,3,0,3
10944,0,0,1,3
10946,0,0,2,3
10948,0,0,1,3
10951,1,1,0,3
10952,0,0,2,3
10953,1,0,1,3
10957,0,1,1,3
10958,0,1,2,3
10975,0,0,1,3
11030,0,0,1,3
11033,0,0,1,3
11048,3,0,2,3
11051,1,0,0,3
11052,0,0,1,3
11053,0,0,1,3
11054,0,1,2,3
11058,2,0,1,3
11059,0,1,2,3
11060,8,1,9,3
11061,0,0,1,3
11064,0,2,0,3
11133,2,0,1,3
11134,0,0,1,3
11137,0,1,4,3
11154,0,0,3,3
11155,1,0,3,3
11156,0,0,3,3
11157,0,1,0,3
11160,0,1,0,3
11164,1,0,0,3
11165,1,0,0,3
11166,0,2,0,3
11167,3,0,0,3
11168,3,11,3,3
11169,1,7,4,3
11192,1,0,0,3
11254,0,0,1,3
11255,2,1,1,3
11256,0,0,1,3
11258,0,0,7,3
11259,1,1,7,3
11260,0,0,3,3
11261,0,0,3,3
11262,0,0,2,3
11263,0,2,13,3
11264,1,6,7,3
11266,0,2,1,3
11267,1,0,0,3
11269,1,1,1,3
11272,2,2,3,3
11273,0,2,0,3
11283,0,0,1,3
11287,2,1,0,3
11347,0,1,1,3
11348,0,0,1,3
11351,0,0,1,3
11357,1,4,19,3
11359,1,0,0,3
11360,0,0,2,3
11364,0,0,8,3
11365,2,1,9,3
11366,0,1,7,3
11367,1,0,2,3
11368,2,1,0,3
11369,0,1,6,3
11370,0,1,1,3
11371,0,3,1,3
11373,1,1,0,3
11374,3,0,1,3
11381,1,0,0,3
11382,0,0,1,3
11446,0,0,3,3
11447,0,0,2,3
11448,0,1,2,3
11454,0,1,1,3
11458,0,0,1,3
11467,0,0,1,3
11470,0,0,1,3
11473,2,0,0,3
11474,1,2,2,3
11475,1,5,0,3
11477,1,0,1,3
11486,0,0,2,3
11489,0,1,0,3
11495,2,2,0,3
11527,0,0,1,3
11547,0,0,1,3
11548,0,0,3,3
11552,0,0,2,3
11557,1,0,0,3
11558,0,0,5,3
11559,1,0,3,3
11574,0,0,2,3
11575,1,0,0,3
11577,13,10,6,3
11578,5,0,3,3
11579,4,1,1,3
11580,1,2,2,3
11581,1,0,0,3
11587,1,1,3,3
11592,0,0,2,3
11593,0,2,3,3
11606,2,0,0,3
11607,2,2,2,3
11608,1,1,1,3
11629,0,0,2,3
11639,1,0,0,3
11650,0,0,3,3
11659,3,2,17,3
11660,1,1,1,3
11661,0,2,2,3
11676,0,3,7,3
11677,0,0,4,3
11678,1,3,9,3
11679,22,17,24,3
11680,16,20,10,3
11681,3,0,0,3
11696,1,0,3,3
11710,1,0,0,3
11761,0,0,2,3
11773,5,7,12,3
11775,1,0,0,3
11776,0,0,2,3
11777,9,0,5,3
11778,14,0,4,3
11779,14,2,7,3
11790,0,0,1,3
11791,0,0,1,3
11792,0,0,1,3
11808,1,0,0,3
11818,0,0,1,3
11853,1,0,0,3
11867,0,0,3,3
11870,0,1,0,3
11871,1,0,0,3
11872,6,0,6,3
11873,109,5,23,3
11874,43,0,8,3
11877,1,0,1,3
11887,0,1,1,3
11889,0,0,4,3
11936,0,0,1,3
11950,0,0,1,3
11959,0,0,1,3
11960,1,0,6,3
11963,0,1,5,3
11964,1,0,6,3
11965,9,1,1,3
11966,13,0,0,3
11967,0,0,1,3
11981,0,0,1,3
12026,1,0,0,3
12028,0,3,2,3
12033,1,0,0,3
12034,1,0,0,3
12046,0,0,2,3
12048,0,0,1,3
12053,2,0,2,3
12054,2,1,17,3
12055,4,1,1,3
12056,4,0,2,3
12069,0,0,1,3
12072,0,0,2,3
12073,0,0,1,3
12075,0,1,2,3
12080,0,0,3,3
12083,1,0,0,3
12090,0,0,1,3
12097,0,0,1,3
12115,0,0,1,3
12118,0,1,0,3
12130,0,0,2,3
12140,3,1,0,3
12141,5,0,0,3
12154,0,2,2,3
12156,0,1,2,3
12158,0,7,0,3
12160,0,0,2,3
12161,2,2,4,3
12162,0,1,2,3
12168,0,0,2,3
12181,0,1,0,3
12190,0,0,1,3
12195,0,0,2,3
12216,0,3,9,3
12218,1,0,0,3
12232,0,1,6,3
12234,0,1,2,3
12235,2,0,0,3
12236,1,7,8,3
12238,0,0,1,3
12239,1,0,1,3
12240,1,0,0,3
12246,1,1,1,3
12264,3,0,0,3
12271,0,1,3,3
12292,3,0,1,3
12293,0,1,1,3
12294,2,0,1,3
12304,0,0,1,3
12309,0,0,1,3
12311,2,1,0,3
12312,0,1,4,3
12313,0,0,6,3
12314,2,1,12,3
12315,2,0,0,3
12316,1,0,0,3
12321,2,0,4,3
12324,0,0,3,3
12343,0,0,2,3
12364,0,0,2,3
12365,0,0,1,3
12366,2,0,0,3
12367,2,0,0,3
12368,3,0,0,3
12385,1,4,4,3
12386,0,0,1,3
12388,0,0,3,3
12389,1,0,0,3
12390,1,0,0,3
12392,2,0,0,3
12393,2,0,0,3
12395,1,0,0,3
12398,1,0,7,3
12400,1,0,0,3
12407,0,0,1,3
12416,0,0,2,3
12418,0,0,3,3
12421,0,1,0,3
12427,0,0,1,3
12440,0,0,1,3
12441,0,0,4,3
12442,1,0,0,3
12446,0,0,2,3
12461,0,0,2,3
12463,1,0,0,3
12464,0,0,2,3
12466,1,0,0,3
12505,2,0,0,3
12508,3,0,0,3
12509,1,0,0,3
12514,0,2,0,3
12540,1,0,0,3
12546,2,0,0,3
12570,2,0,3,3
12579,0,1,0,3
12582,1,0,0,3
12584,0,0,1,3
12597,0,0,1,3
12610,3,0,6,3
12611,5,0,5,3
12619,0,0,1,3
12633,0,0,1,3
12634,0,0,2,3
12646,0,1,2,3
12650,0,0,2,3
12664,2,0,5,3
12665,17,0,1,3
12666,4,0,0,3
12669,0,0,2,3
12675,1,0,2,3
12676,0,1,0,3
12691,2,0,0,3
12693,2,0,0,3
12713,0,1,0,3
12718,3,0,2,3
12719,101,5,23,3
12720,8,1,21,3
12747,1,0,0,3
12748,1,0,0,3
12754,1,0,4,3
12763,0,1,0,3
12768,1,0,5,3
12769,3,2,15,3
12777,0,3,0,3
12778,1,4,4,3
12779,0,1,0,3
12787,0,0,3,3
12797,0,1,0,3
12811,0,1,0,3
12813,0,0,2,3
12816,1,0,0,3
12828,0,1,0,3
12836,1,0,1,3
12837,3,0,3,3
12846,0,0,2,3
12854,0,2,4,3
12858,1,0,2,3
12859,5,1,2,3
12860,0,1,2,3
12870,0,0,1,3
12878,1,0,0,3
12879,2,0,3,3
12880,1,0,0,3
12896,0,0,1,3
12897,0,5,13,3
12898,0,0,2,3
12899,1,2,2,3
12901,2,0,0,3
12903,0,1,11,3
12904,0,1,4,3
12922,0,0,1,3
12928,2,0,0,3
12936,0,0,7,3
12941,1,0,8,3
12943,0,1,0,3
12967,3,0,0,3
12973,0,0,2,3
12974,0,1,3,3
12978,0,0,1,3
13010,1,0,1,3
13011,0,0,1,3
13013,3,0,10,3
13014,3,0,6,3
13015,0,0,2,3
13016,3,3,16,3
13018,0,0,1,3
13019,0,0,1,3
13020,1,0,1,3
13021,6,1,1,3
13039,1,0,0,3
13040,5,1,4,3
13046,14,0,2,3
13050,19,0,5,3
13051,30,0,24,3
13052,5,1,2,3
13053,3,0,0,3
13054,4,0,1,3
13057,0,0,1,3
13058,5,0,0,3
13071,1,0,0,3
13079,1,0,3,3
13087,1,1,4,3
13088,59,9,147,3
13089,2,0,4,3
13090,3,0,0,3
13092,1,0,0,3
13093,1,0,0,3
13096,1,0,0,3
13097,12,0,3,3
13115,0,0,2,3
13119,0,0,1,3
13123,1,0,0,3
13124,1,0,0,3
13126,1,1,0,3
13130,1,0,0,3
13132,0,0,1,3
13137,2,0,1,3
13139,1,0,0,3
13142,1,0,0,3
13147,7,0,0,3
13148,3,0,0,3
13175,2,0,1,3
13188,1,0,0,3
13191,1,0,0,3
13198,3,0,2,3
13210,2,0,0,3
13213,2,0,0,3
13214,0,0,1,3
13222,0,0,1,3
13233,1,0,0,3
13239,0,0,2,3
13241,0,0,2,3
13242,1,0,0,3
13260,2,0,0,3
13261,2,0,0,3
13262,4,0,5,3
13263,0,0,3,3
13271,1,0,0,3
